Section,Canto #,Link
Paradiso,1,http://www.gutenberg.org/files/8799/8799-h/8799-h.htm#link1
Paradiso,2,http://www.gutenberg.org/files/8799/8799-h/8799-h.htm#link2
Paradiso,3,http://www.gutenberg.org/files/8799/8799-h/8799-h.htm#link3
Paradiso,4,http://www.gutenberg.org/files/8799/8799-h/8799-h.htm#link4
Paradiso,5,http://www.gutenberg.org/files/8799/8799-h/8799-h.htm#link5
Paradiso,6,http://www.gutenberg.org/files/8799/8799-h/8799-h.htm#link6
Paradiso,7,http://www.gutenberg.org/files/8799/8799-h/8799-h.htm#link7
Paradiso,8,http://www.gutenberg.org/files/8799/8799-h/8799-h.htm#link8
Paradiso,9,http://www.gutenberg.org/files/8799/8799-h/8799-h.htm#link9
Paradiso,10,http://www.gutenberg.org/files/8799/8799-h/8799-h.htm#link10
Paradiso,11,http://www.gutenberg.org/files/8799/8799-h/8799-h.htm#link11
Paradiso,12,http://www.gutenberg.org/files/8799/8799-h/8799-h.htm#link12
Paradiso,13,http://www.gutenberg.org/files/8799/8799-h/8799-h.htm#link13
Paradiso,14,http://www.gutenberg.org/files/8799/8799-h/8799-h.htm#link14
Paradiso,15,http://www.gutenberg.org/files/8799/8799-h/8799-h.htm#link15
Paradiso,16,http://www.gutenberg.org/files/8799/8799-h/8799-h.htm#link16
Paradiso,17,http://www.gutenberg.org/files/8799/8799-h/8799-h.htm#link17
Paradiso,18,http://www.gutenberg.org/files/8799/8799-h/8799-h.htm#link18
Paradiso,19,http://www.gutenberg.org/files/8799/8799-h/8799-h.htm#link19
Paradiso,20,http://www.gutenberg.org/files/8799/8799-h/8799-h.htm#link20
Paradiso,21,http://www.gutenberg.org/files/8799/8799-h/8799-h.htm#link21
Paradiso,22,http://www.gutenberg.org/files/8799/8799-h/8799-h.htm#link22
Paradiso,23,http://www.gutenberg.org/files/8799/8799-h/8799-h.htm#link23
Paradiso,24,http://www.gutenberg.org/files/8799/8799-h/8799-h.htm#link24
Paradiso,25,http://www.gutenberg.org/files/8799/8799-h/8799-h.htm#link25
Paradiso,26,http://www.gutenberg.org/files/8799/8799-h/8799-h.htm#link26
Paradiso,27,http://www.gutenberg.org/files/8799/8799-h/8799-h.htm#link27
Paradiso,28,http://www.gutenberg.org/files/8799/8799-h/8799-h.htm#link28
Paradiso,29,http://www.gutenberg.org/files/8799/8799-h/8799-h.htm#link29
Paradiso,30,http://www.gutenberg.org/files/8799/8799-h/8799-h.htm#link30
Paradiso,31,http://www.gutenberg.org/files/8799/8799-h/8799-h.htm#link31
Paradiso,32,http://www.gutenberg.org/files/8799/8799-h/8799-h.htm#link32
Paradiso,33,http://www.gutenberg.org/files/8799/8799-h/8799-h.htm#link33
Inferno,1,http://www.gutenberg.org/files/8789/8789-h/8789-h.htm#link1
Inferno,2,http://www.gutenberg.org/files/8789/8789-h/8789-h.htm#link2
Inferno,3,http://www.gutenberg.org/files/8789/8789-h/8789-h.htm#link3
Inferno,4,http://www.gutenberg.org/files/8789/8789-h/8789-h.htm#link4
Inferno,5,http://www.gutenberg.org/files/8789/8789-h/8789-h.htm#link5
Inferno,6,http://www.gutenberg.org/files/8789/8789-h/8789-h.htm#link6
Inferno,7,http://www.gutenberg.org/files/8789/8789-h/8789-h.htm#link7
Inferno,8,http://www.gutenberg.org/files/8789/8789-h/8789-h.htm#link8
Inferno,9,http://www.gutenberg.org/files/8789/8789-h/8789-h.htm#link9
Inferno,10,http://www.gutenberg.org/files/8789/8789-h/8789-h.htm#link10
Inferno,11,http://www.gutenberg.org/files/8789/8789-h/8789-h.htm#link11
Inferno,12,http://www.gutenberg.org/files/8789/8789-h/8789-h.htm#link12
Inferno,13,http://www.gutenberg.org/files/8789/8789-h/8789-h.htm#link13
Inferno,14,http://www.gutenberg.org/files/8789/8789-h/8789-h.htm#link14
Inferno,15,http://www.gutenberg.org/files/8789/8789-h/8789-h.htm#link15
Inferno,16,http://www.gutenberg.org/files/8789/8789-h/8789-h.htm#link16
Inferno,17,http://www.gutenberg.org/files/8789/8789-h/8789-h.htm#link17
Inferno,18,http://www.gutenberg.org/files/8789/8789-h/8789-h.htm#link18
Inferno,19,http://www.gutenberg.org/files/8789/8789-h/8789-h.htm#link19
Inferno,20,http://www.gutenberg.org/files/8789/8789-h/8789-h.htm#link20
Inferno,21,http://www.gutenberg.org/files/8789/8789-h/8789-h.htm#link21
Inferno,22,http://www.gutenberg.org/files/8789/8789-h/8789-h.htm#link22
Inferno,23,http://www.gutenberg.org/files/8789/8789-h/8789-h.htm#link23
Inferno,24,http://www.gutenberg.org/files/8789/8789-h/8789-h.htm#link24
Inferno,25,http://www.gutenberg.org/files/8789/8789-h/8789-h.htm#link25
Inferno,26,http://www.gutenberg.org/files/8789/8789-h/8789-h.htm#link26
Inferno,27,http://www.gutenberg.org/files/8789/8789-h/8789-h.htm#link27
Inferno,28,http://www.gutenberg.org/files/8789/8789-h/8789-h.htm#link28
Inferno,29,http://www.gutenberg.org/files/8789/8789-h/8789-h.htm#link29
Inferno,30,http://www.gutenberg.org/files/8789/8789-h/8789-h.htm#link30
Inferno,31,http://www.gutenberg.org/files/8789/8789-h/8789-h.htm#link31
Inferno,32,http://www.gutenberg.org/files/8789/8789-h/8789-h.htm#link32
Inferno,33,http://www.gutenberg.org/files/8789/8789-h/8789-h.htm#link33
Inferno,34,http://www.gutenberg.org/files/8789/8789-h/8789-h.htm#link34
Purgatorio,1,http://www.gutenberg.org/files/8795/8795-h/8795-h.htm#link1
Purgatorio,2,http://www.gutenberg.org/files/8795/8795-h/8795-h.htm#link2
Purgatorio,3,http://www.gutenberg.org/files/8795/8795-h/8795-h.htm#link3
Purgatorio,4,http://www.gutenberg.org/files/8795/8795-h/8795-h.htm#link4
Purgatorio,5,http://www.gutenberg.org/files/8795/8795-h/8795-h.htm#link5
Purgatorio,6,http://www.gutenberg.org/files/8795/8795-h/8795-h.htm#link6
Purgatorio,7,http://www.gutenberg.org/files/8795/8795-h/8795-h.htm#link7
Purgatorio,8,http://www.gutenberg.org/files/8795/8795-h/8795-h.htm#link8
Purgatorio,9,http://www.gutenberg.org/files/8795/8795-h/8795-h.htm#link9
Purgatorio,10,http://www.gutenberg.org/files/8795/8795-h/8795-h.htm#link10
Purgatorio,11,http://www.gutenberg.org/files/8795/8795-h/8795-h.htm#link11
Purgatorio,12,http://www.gutenberg.org/files/8795/8795-h/8795-h.htm#link12
Purgatorio,13,http://www.gutenberg.org/files/8795/8795-h/8795-h.htm#link13
Purgatorio,14,http://www.gutenberg.org/files/8795/8795-h/8795-h.htm#link14
Purgatorio,15,http://www.gutenberg.org/files/8795/8795-h/8795-h.htm#link15
Purgatorio,16,http://www.gutenberg.org/files/8795/8795-h/8795-h.htm#link16
Purgatorio,17,http://www.gutenberg.org/files/8795/8795-h/8795-h.htm#link17
Purgatorio,18,http://www.gutenberg.org/files/8795/8795-h/8795-h.htm#link17
Purgatorio,19,http://www.gutenberg.org/files/8795/8795-h/8795-h.htm#link19
Purgatorio,20,http://www.gutenberg.org/files/8795/8795-h/8795-h.htm#link20
Purgatorio,21,http://www.gutenberg.org/files/8795/8795-h/8795-h.htm#link21
Purgatorio,22,http://www.gutenberg.org/files/8795/8795-h/8795-h.htm#link22
Purgatorio,23,http://www.gutenberg.org/files/8795/8795-h/8795-h.htm#link23
Purgatorio,24,http://www.gutenberg.org/files/8795/8795-h/8795-h.htm#link24
Purgatorio,25,http://www.gutenberg.org/files/8795/8795-h/8795-h.htm#link25
Purgatorio,26,http://www.gutenberg.org/files/8795/8795-h/8795-h.htm#link26
Purgatorio,27,http://www.gutenberg.org/files/8795/8795-h/8795-h.htm#link27
Purgatorio,28,http://www.gutenberg.org/files/8795/8795-h/8795-h.htm#link28
Purgatorio,29,http://www.gutenberg.org/files/8795/8795-h/8795-h.htm#link29
Purgatorio,30,http://www.gutenberg.org/files/8795/8795-h/8795-h.htm#link30
Purgatorio,31,http://www.gutenberg.org/files/8795/8795-h/8795-h.htm#link31
Purgatorio,32,http://www.gutenberg.org/files/8795/8795-h/8795-h.htm#link32
Purgatorio,33,http://www.gutenberg.org/files/8795/8795-h/8795-h.htm#link32
