Link,Canto #
http://www.gutenberg.org/files/8799/8799-h/8799-h.htm#link1,Canto 1
http://www.gutenberg.org/files/8799/8799-h/8799-h.htm#link2,Canto 2
http://www.gutenberg.org/files/8799/8799-h/8799-h.htm#link3,Canto 3
http://www.gutenberg.org/files/8799/8799-h/8799-h.htm#link4,Canto 4
http://www.gutenberg.org/files/8799/8799-h/8799-h.htm#link5,Canto 5
http://www.gutenberg.org/files/8799/8799-h/8799-h.htm#link6,Canto 6
http://www.gutenberg.org/files/8799/8799-h/8799-h.htm#link7,Canto 7
http://www.gutenberg.org/files/8799/8799-h/8799-h.htm#link8,Canto 8
http://www.gutenberg.org/files/8799/8799-h/8799-h.htm#link9,Canto 9
http://www.gutenberg.org/files/8799/8799-h/8799-h.htm#link10,Canto 10
http://www.gutenberg.org/files/8799/8799-h/8799-h.htm#link11,Canto 11
http://www.gutenberg.org/files/8799/8799-h/8799-h.htm#link12,Canto 12
http://www.gutenberg.org/files/8799/8799-h/8799-h.htm#link13,Canto 13
http://www.gutenberg.org/files/8799/8799-h/8799-h.htm#link14,Canto 14
http://www.gutenberg.org/files/8799/8799-h/8799-h.htm#link15,Canto 15
http://www.gutenberg.org/files/8799/8799-h/8799-h.htm#link16,Canto 16
http://www.gutenberg.org/files/8799/8799-h/8799-h.htm#link17,Canto 17
http://www.gutenberg.org/files/8799/8799-h/8799-h.htm#link18,Canto 18
http://www.gutenberg.org/files/8799/8799-h/8799-h.htm#link19,Canto 19
http://www.gutenberg.org/files/8799/8799-h/8799-h.htm#link20,Canto 20
http://www.gutenberg.org/files/8799/8799-h/8799-h.htm#link21,Canto 21
http://www.gutenberg.org/files/8799/8799-h/8799-h.htm#link22,Canto 22
http://www.gutenberg.org/files/8799/8799-h/8799-h.htm#link23,Canto 23
http://www.gutenberg.org/files/8799/8799-h/8799-h.htm#link24,Canto 24
http://www.gutenberg.org/files/8799/8799-h/8799-h.htm#link25,Canto 25
http://www.gutenberg.org/files/8799/8799-h/8799-h.htm#link26,Canto 26
http://www.gutenberg.org/files/8799/8799-h/8799-h.htm#link27,Canto 27
http://www.gutenberg.org/files/8799/8799-h/8799-h.htm#link28,Canto 28
http://www.gutenberg.org/files/8799/8799-h/8799-h.htm#link29,Canto 29
http://www.gutenberg.org/files/8799/8799-h/8799-h.htm#link30,Canto 30
http://www.gutenberg.org/files/8799/8799-h/8799-h.htm#link31,Canto 31
http://www.gutenberg.org/files/8799/8799-h/8799-h.htm#link32,Canto 32
http://www.gutenberg.org/files/8799/8799-h/8799-h.htm#link33,Canto 33
